id,ProjectId,RelationshipId,createdAt,updatedAt
1ea09eaf-ef6b-424b-91f9-68f4ee335f4e,9f892aa7-592e-45db-ac06-1ff0d8876fc1,e1ad65ee-e26c-4ca2-bc88-863113b80581,2018-05-25 18:43:08.375-04,2018-05-25 18:43:08.375-04
db7a4450-15e6-4051-9c96-32eae5b75278,9f892aa7-592e-45db-ac06-1ff0d8876fc1,5a99fcb4-959c-44c2-8ada-f26b926560c9,2018-05-25 18:43:08.376-04,2018-05-25 18:43:08.376-04
59b45304-809a-412e-8cfa-7728598723ef,9f892aa7-592e-45db-ac06-1ff0d8876fc1,945e2003-cbf2-464e-9d5b-62f976b88595,2018-05-25 18:43:08.376-04,2018-05-25 18:43:08.376-04
7457728a-749a-4752-b331-3c6927825381,9f892aa7-592e-45db-ac06-1ff0d8876fc1,24205744-f5fb-422e-901c-d799a3b080e3,2018-05-25 18:43:08.376-04,2018-05-25 18:43:08.376-04
b0dea9da-5f49-4623-bc96-361bd81c8099,9f892aa7-592e-45db-ac06-1ff0d8876fc1,81e9ee0f-d93e-4028-b4ab-726cbb56ffc5,2018-05-25 18:43:08.397-04,2018-05-25 18:43:08.397-04
3986df06-5f15-4fdf-9820-fb4b46c4c72a,9f892aa7-592e-45db-ac06-1ff0d8876fc1,b4effe6d-b40a-47d1-8f18-a62311cec8e3,2018-05-25 18:43:08.398-04,2018-05-25 18:43:08.398-04
7792458d-fca6-471f-9e1c-9f4483ac4b6a,9f892aa7-592e-45db-ac06-1ff0d8876fc1,96763a49-c7cd-4a5d-b26e-c83ea243f4ab,2018-05-25 18:43:08.397-04,2018-05-25 18:43:08.397-04
2f214b00-17c1-44b0-a000-ecd17b6ba341,9f892aa7-592e-45db-ac06-1ff0d8876fc1,742653cf-ea26-4af1-a4ee-8152f18fa91b,2018-05-25 18:43:08.398-04,2018-05-25 18:43:08.398-04
a31121ad-9a9e-4baf-83d7-1cee21bb3951,9f892aa7-592e-45db-ac06-1ff0d8876fc1,7fd7b4c8-6513-4435-9e53-d997f7775b79,2018-05-25 18:43:08.398-04,2018-05-25 18:43:08.398-04
9471de13-6679-4743-ae42-76001529eb79,9f892aa7-592e-45db-ac06-1ff0d8876fc1,2679b083-1b6c-4633-86f7-d5747dfab0fb,2018-05-25 18:43:08.405-04,2018-05-25 18:43:08.405-04
341eae0b-f7d7-4241-a83b-653d180800c6,9f892aa7-592e-45db-ac06-1ff0d8876fc1,cbd494d2-9797-468f-a575-66085c048358,2018-05-25 18:43:08.405-04,2018-05-25 18:43:08.405-04
24069d23-3ad1-4055-b70c-62843ecac055,9f892aa7-592e-45db-ac06-1ff0d8876fc1,299dec40-8ded-4a27-9d3d-24f9eb5870f9,2018-05-25 18:43:08.405-04,2018-05-25 18:43:08.405-04
4262f328-2b58-417a-b186-8bfca6686cdb,9f892aa7-592e-45db-ac06-1ff0d8876fc1,959c0637-a8f2-407b-85ec-e1446a71332c,2018-05-25 18:43:08.405-04,2018-05-25 18:43:08.405-04
49cfd38f-5220-438d-8e54-1943317432d8,9f892aa7-592e-45db-ac06-1ff0d8876fc1,aa220970-3a9c-4a02-b94d-969b949374dd,2018-05-25 18:43:08.405-04,2018-05-25 18:43:08.405-04
1bf23f6b-52d8-47d8-bc23-56975a134fd3,9f892aa7-592e-45db-ac06-1ff0d8876fc1,2d5774c0-336c-45fc-861c-4476f9c0e1ca,2018-05-25 18:43:08.417-04,2018-05-25 18:43:08.417-04
edead876-8456-4092-8dfd-5870be1e9ecc,9f892aa7-592e-45db-ac06-1ff0d8876fc1,f63cb038-4740-4913-8bf4-dd09f31dc154,2018-05-25 18:43:08.417-04,2018-05-25 18:43:08.417-04
ce77994e-6029-4542-b7e5-2d8722675519,9f892aa7-592e-45db-ac06-1ff0d8876fc1,987a1918-8651-438f-baf5-3cfbb64a8ff6,2018-05-25 18:43:08.417-04,2018-05-25 18:43:08.417-04
fb71d0fe-0bde-4b52-b67c-21e2d97fb853,9f892aa7-592e-45db-ac06-1ff0d8876fc1,8ed2b869-7117-4e3f-adf9-cea318b67f48,2018-05-25 18:43:08.417-04,2018-05-25 18:43:08.417-04
db47592e-9db5-4a47-9b8e-f44728afba44,9f892aa7-592e-45db-ac06-1ff0d8876fc1,9653690e-6ba3-404b-a481-b79c572e5a0a,2018-05-25 18:43:08.417-04,2018-05-25 18:43:08.417-04
10d96834-59ce-4d01-ac92-b32fca840a29,9f892aa7-592e-45db-ac06-1ff0d8876fc1,81cc290e-e1b3-47d5-b639-595e759d7766,2018-05-25 18:43:08.423-04,2018-05-25 18:43:08.423-04
db003afb-81d9-4b0c-a789-ccaa82dda2e8,9f892aa7-592e-45db-ac06-1ff0d8876fc1,4cb64b26-58a1-45c0-8a73-66c3ca7c2dd8,2018-05-25 18:43:08.423-04,2018-05-25 18:43:08.423-04
be189c2a-d3da-4a6a-b86e-fab734c589f1,9f892aa7-592e-45db-ac06-1ff0d8876fc1,ee609bc6-fdd1-4ac1-ba1f-790b571d8ab2,2018-05-25 18:43:08.423-04,2018-05-25 18:43:08.423-04
3f15ae40-f367-4a76-a8ad-35fd0886b044,9f892aa7-592e-45db-ac06-1ff0d8876fc1,ac30c50c-6861-4c57-a638-3b5b7181feb2,2018-05-25 18:43:08.423-04,2018-05-25 18:43:08.423-04
4cc4d40d-9839-48cf-a0f7-6c246a049834,9f892aa7-592e-45db-ac06-1ff0d8876fc1,1690e107-3935-400a-bdf0-b0b85d279d95,2018-05-25 18:43:08.423-04,2018-05-25 18:43:08.423-04
3a76557e-1781-41c0-8722-7da6284617c4,9f892aa7-592e-45db-ac06-1ff0d8876fc1,48d4fd16-a119-4ee2-bd93-ed61b4969376,2018-05-25 18:43:08.429-04,2018-05-25 18:43:08.429-04
334102fc-7204-483c-8370-753064f1cc8d,9f892aa7-592e-45db-ac06-1ff0d8876fc1,42a2adf6-d7ba-4ebb-b95f-c05c885d0a6b,2018-05-25 18:43:08.429-04,2018-05-25 18:43:08.429-04
d19f289d-4493-4d71-99f6-b6300a602895,9f892aa7-592e-45db-ac06-1ff0d8876fc1,cde93cfb-c037-451c-9b54-b798e4ff46cc,2018-05-25 18:43:08.429-04,2018-05-25 18:43:08.429-04
d96d9a03-7d4b-4708-85e7-bba6055b55e8,9f892aa7-592e-45db-ac06-1ff0d8876fc1,d478a56c-09ac-457d-8c47-7d9a5f51407c,2018-05-25 18:43:08.429-04,2018-05-25 18:43:08.429-04
75778184-08a0-4f8c-8ed2-2732a9ad7bab,9f892aa7-592e-45db-ac06-1ff0d8876fc1,e1b97775-493e-4b98-b037-346fd8912f4d,2018-05-25 18:43:08.429-04,2018-05-25 18:43:08.429-04
4994f1d7-07a8-4a97-a25f-db5cd18e7c30,9f892aa7-592e-45db-ac06-1ff0d8876fc1,c0a59da0-c5b9-4a2a-8fe5-2ee3929ad71b,2018-05-25 18:43:08.441-04,2018-05-25 18:43:08.441-04
cafc2af6-6801-484d-bd00-7003ef250c16,9f892aa7-592e-45db-ac06-1ff0d8876fc1,0782ebf5-65c4-4b23-8dc0-46f7b77bdca6,2018-05-25 18:43:08.442-04,2018-05-25 18:43:08.442-04
50f7d101-74f9-4095-a35c-5374dffea6ea,9f892aa7-592e-45db-ac06-1ff0d8876fc1,90e88b32-13e5-446c-b76b-79a5e9a8518f,2018-05-25 18:43:08.442-04,2018-05-25 18:43:08.442-04
af12ba23-52a8-49a8-b022-cf2d54548b7d,9f892aa7-592e-45db-ac06-1ff0d8876fc1,7e682736-a533-4326-9155-be7b78b36e83,2018-05-25 18:43:08.442-04,2018-05-25 18:43:08.442-04
11299858-5f59-4147-b710-3b5cc97f728d,9f892aa7-592e-45db-ac06-1ff0d8876fc1,29599ce1-3453-47c4-9386-e946d267c71e,2018-05-25 18:43:08.442-04,2018-05-25 18:43:08.442-04
4ff1e3c7-5dfc-4941-a249-68b0c1f062f0,9f892aa7-592e-45db-ac06-1ff0d8876fc1,35b29907-6722-44d1-bf18-842e6d3d4c13,2018-05-25 18:43:08.454-04,2018-05-25 18:43:08.454-04
b1322beb-2ba7-401c-a663-6f0af2bc7b41,9f892aa7-592e-45db-ac06-1ff0d8876fc1,745393ae-c7a5-40cd-adf8-db07e2c7975a,2018-05-25 18:43:08.454-04,2018-05-25 18:43:08.454-04
3ecce9f6-81dd-479c-b7f0-9753ed59b107,9f892aa7-592e-45db-ac06-1ff0d8876fc1,0a8dc3f3-f9fa-45cd-89be-7467966fb465,2018-05-25 18:43:08.454-04,2018-05-25 18:43:08.454-04
b3256f94-442a-4dcf-89c2-c832412564b3,9f892aa7-592e-45db-ac06-1ff0d8876fc1,d13ab3ec-c3d7-4822-95ef-305e77498718,2018-05-25 18:43:08.454-04,2018-05-25 18:43:08.454-04
c59205c7-15ca-42ba-8fab-dc0168392d9c,9f892aa7-592e-45db-ac06-1ff0d8876fc1,fdf0eb7f-e708-47c5-9db2-4b668eb34c32,2018-05-25 18:43:08.454-04,2018-05-25 18:43:08.454-04
8c27c19e-242a-47e2-a539-8c26c3086778,9f892aa7-592e-45db-ac06-1ff0d8876fc1,8ab0a2be-7145-4824-9180-9073ce74854f,2018-05-25 18:43:08.46-04,2018-05-25 18:43:08.46-04
ce472ff0-fc13-40cd-947c-90a7a7624ce4,9f892aa7-592e-45db-ac06-1ff0d8876fc1,1a6b135d-7563-45e2-8099-3ae8374fa7b4,2018-05-25 18:43:08.46-04,2018-05-25 18:43:08.46-04
36f01953-4158-4869-a0ce-2b62e0b2f22c,9f892aa7-592e-45db-ac06-1ff0d8876fc1,dc9a1310-2d52-4cec-b290-f94317a54606,2018-05-25 18:43:08.46-04,2018-05-25 18:43:08.46-04
1834a6cf-cbae-4953-9685-3aa8613d6389,9f892aa7-592e-45db-ac06-1ff0d8876fc1,d7f18ca0-ff30-4fd5-a0c5-7cfa0dd7a5f4,2018-05-25 18:43:08.46-04,2018-05-25 18:43:08.46-04
df390ace-2283-4689-abfd-5255b23e7583,9f892aa7-592e-45db-ac06-1ff0d8876fc1,90f81fa3-219e-4a4e-b7db-15f010314193,2018-05-25 18:43:08.46-04,2018-05-25 18:43:08.46-04
8cc99e63-a2f8-46a2-97ef-d54c5f9ee314,9f892aa7-592e-45db-ac06-1ff0d8876fc1,7aa99d2b-0b7c-4511-a5bd-4ee14d81b823,2018-05-25 18:43:08.481-04,2018-05-25 18:43:08.481-04
15a29471-c645-49ee-a42b-48924b8e2497,9f892aa7-592e-45db-ac06-1ff0d8876fc1,a1902765-7037-40f9-8f90-71114140c829,2018-05-25 18:43:08.481-04,2018-05-25 18:43:08.481-04
7f5f02de-804e-45f1-8346-95f79bd9e40c,9f892aa7-592e-45db-ac06-1ff0d8876fc1,cab7e36b-3949-401a-9f21-ea7b1345267e,2018-05-25 18:43:08.481-04,2018-05-25 18:43:08.481-04
a401eab6-feb6-4db4-afcc-367d078ab7c8,9f892aa7-592e-45db-ac06-1ff0d8876fc1,81872cce-db4d-45d4-ad9f-ab37f70d2408,2018-05-25 18:43:08.481-04,2018-05-25 18:43:08.481-04
134cbc5c-e152-49b2-a7f5-afb9e58dd442,9f892aa7-592e-45db-ac06-1ff0d8876fc1,2c4e1885-a2d3-478f-8601-ac9501098640,2018-05-25 18:43:08.482-04,2018-05-25 18:43:08.482-04
a8e0d281-e5ac-4606-9fdf-c6cfef29dcfb,9f892aa7-592e-45db-ac06-1ff0d8876fc1,f9a322ff-279c-4876-a8bd-1d120060387c,2018-05-25 18:43:08.489-04,2018-05-25 18:43:08.489-04
fbf86c35-b229-4f91-be4e-32547f9809c2,9f892aa7-592e-45db-ac06-1ff0d8876fc1,9cde8aca-d1b4-496d-9a32-cad6f0f7b1af,2018-05-25 18:43:08.489-04,2018-05-25 18:43:08.489-04
9d7f9b9c-b17e-48bb-8cf6-2ad270d74384,9f892aa7-592e-45db-ac06-1ff0d8876fc1,b45b39bd-e567-491a-afbd-bf08c0c8d5f8,2018-05-25 18:43:08.49-04,2018-05-25 18:43:08.49-04
9d5203e8-f00c-486f-b564-e27c0a461283,9f892aa7-592e-45db-ac06-1ff0d8876fc1,5eface6d-0c0e-49f0-8f80-df150674fbfe,2018-05-25 18:43:08.49-04,2018-05-25 18:43:08.49-04
df51c5af-77ff-4f5e-8825-fb0fc9cb1fc4,9f892aa7-592e-45db-ac06-1ff0d8876fc1,b8963ed6-5e24-4503-9d57-07e0e5d65dff,2018-05-25 18:43:08.49-04,2018-05-25 18:43:08.49-04
490354ba-0bcd-4745-82da-81c83ff37477,9f892aa7-592e-45db-ac06-1ff0d8876fc1,5ea1f681-46ad-4bd9-8eee-2ae56a21f195,2018-05-25 18:43:08.5-04,2018-05-25 18:43:08.5-04
061a0f3a-709c-4e9f-9f6f-265749a6bb80,9f892aa7-592e-45db-ac06-1ff0d8876fc1,c1b241c8-f608-49f6-8336-a82875efdb12,2018-05-25 18:43:08.5-04,2018-05-25 18:43:08.5-04
8c360c9d-51bd-4d0b-aac8-915652e0b5fa,9f892aa7-592e-45db-ac06-1ff0d8876fc1,3ea6f9b6-c58f-427b-b0c1-a5574bccc976,2018-05-25 18:43:08.5-04,2018-05-25 18:43:08.5-04
243bd996-f818-4ced-80f7-f6c55d343e52,9f892aa7-592e-45db-ac06-1ff0d8876fc1,b60c866d-6f01-4ae2-aa63-8cdfc4b676cf,2018-05-25 18:43:08.5-04,2018-05-25 18:43:08.5-04
7155105a-57a6-4abf-989c-36f4c3dd6639,9f892aa7-592e-45db-ac06-1ff0d8876fc1,0a9c9a54-1f26-4acf-bd4b-542283cace00,2018-05-25 18:43:08.5-04,2018-05-25 18:43:08.5-04
0b614e31-7fd1-4f8f-aa52-565b104ef33c,9f892aa7-592e-45db-ac06-1ff0d8876fc1,d5e6c650-be9e-46ad-b683-35d3ac3bd34f,2018-05-25 18:43:08.506-04,2018-05-25 18:43:08.506-04
d44735fd-35c6-4a46-bf42-2e86b7fda2db,9f892aa7-592e-45db-ac06-1ff0d8876fc1,503b2039-41cf-4f25-8be7-a9db8bcd92af,2018-05-25 18:43:08.506-04,2018-05-25 18:43:08.506-04
492b2aea-517e-4af7-81f1-2cb942db8256,9f892aa7-592e-45db-ac06-1ff0d8876fc1,34a450cd-27a1-4640-851e-2aef5e13bbca,2018-05-25 18:43:08.506-04,2018-05-25 18:43:08.506-04
9b0283fc-040e-41b4-bf95-8d3c4a62a4fa,9f892aa7-592e-45db-ac06-1ff0d8876fc1,edddcab3-d2a9-4969-a6b3-2c9cb65c90f4,2018-05-25 18:43:08.506-04,2018-05-25 18:43:08.506-04
f67441e3-6f0c-40c4-8ff7-1742f929b264,9f892aa7-592e-45db-ac06-1ff0d8876fc1,73fafc6d-306b-42a7-8f3d-c5506288e336,2018-05-25 18:43:08.506-04,2018-05-25 18:43:08.506-04
f2f5929e-6675-4458-8529-df99f29439b2,9f892aa7-592e-45db-ac06-1ff0d8876fc1,8c522bb4-7bd7-420a-9ddf-3b998ea8eddf,2018-05-25 18:43:08.512-04,2018-05-25 18:43:08.512-04
0eae63c5-ac93-478c-99ff-cefc01bde9da,9f892aa7-592e-45db-ac06-1ff0d8876fc1,e514b49a-0a3e-4b76-84f6-fcc6520cc09d,2018-05-25 18:43:08.512-04,2018-05-25 18:43:08.512-04
b1c1a069-4cec-45e7-9e54-5e151892cc3f,9f892aa7-592e-45db-ac06-1ff0d8876fc1,aa5c3484-6a11-4e9e-bf10-1a594745f27e,2018-05-25 18:43:08.512-04,2018-05-25 18:43:08.512-04
c62bf029-e553-4198-8689-b94bce14bee6,9f892aa7-592e-45db-ac06-1ff0d8876fc1,fb8fb054-352a-437a-afd9-1176737d4158,2018-05-25 18:43:08.512-04,2018-05-25 18:43:08.512-04
ae6393e7-d6bf-42d4-8d8e-4c89079b81bf,9f892aa7-592e-45db-ac06-1ff0d8876fc1,9d6ea0f8-d640-40ce-a698-168a7fac14ac,2018-05-25 18:43:08.512-04,2018-05-25 18:43:08.512-04
1ec7fbe1-ddb4-40ed-8bc4-d88316f56b57,9f892aa7-592e-45db-ac06-1ff0d8876fc1,364c5430-eca1-4312-8f55-b698d17adde6,2018-05-25 18:43:08.532-04,2018-05-25 18:43:08.532-04
583c7d5a-5150-4fa8-a775-b80f8e93e4a1,9f892aa7-592e-45db-ac06-1ff0d8876fc1,5c800d0b-6238-41cb-ba20-a11f35feb239,2018-05-25 18:43:08.532-04,2018-05-25 18:43:08.532-04
cf2d7724-75af-4453-b8e1-25154b024da5,9f892aa7-592e-45db-ac06-1ff0d8876fc1,c2f7dfc1-7be1-4640-a8a5-2ebdbd71ac81,2018-05-25 18:43:08.533-04,2018-05-25 18:43:08.533-04
d5dd8367-1107-4661-9307-881870bf4b22,9f892aa7-592e-45db-ac06-1ff0d8876fc1,67b53f2a-6faf-45ae-8aa0-6dfd362bba87,2018-05-25 18:43:08.533-04,2018-05-25 18:43:08.533-04
4e55ecc5-7b3b-4f40-88c5-bc7a2099e796,9f892aa7-592e-45db-ac06-1ff0d8876fc1,0b7002c2-4876-400b-9ab1-fb9332391c91,2018-05-25 18:43:08.533-04,2018-05-25 18:43:08.533-04
2b731feb-f9b3-42fb-b311-9093e320d170,9f892aa7-592e-45db-ac06-1ff0d8876fc1,3b035967-dba5-47bd-8bc1-a7067cf29cef,2018-05-25 18:43:08.543-04,2018-05-25 18:43:08.543-04
45072fca-fa50-4776-a9cf-e6ba0dba8c15,9f892aa7-592e-45db-ac06-1ff0d8876fc1,b22938bc-49d6-438b-a0b6-c795f73b4b1f,2018-05-25 18:43:08.562-04,2018-05-25 18:43:08.562-04
fa5522ff-752d-4270-8982-d4a195f441f8,157d8c02-b0b9-43d4-ae5a-fc8d719ad3a1,7fd7b4c8-6513-4435-9e53-d997f7775b79,2018-05-25 18:43:29.826-04,2018-05-25 18:43:29.826-04
e2d725fd-db51-4b95-845b-61166c3adb89,157d8c02-b0b9-43d4-ae5a-fc8d719ad3a1,8c522bb4-7bd7-420a-9ddf-3b998ea8eddf,2018-05-25 18:43:29.84-04,2018-05-25 18:43:29.84-04
0b9eb094-6faa-47d4-b48c-0502a68d3acf,157d8c02-b0b9-43d4-ae5a-fc8d719ad3a1,cde93cfb-c037-451c-9b54-b798e4ff46cc,2018-05-25 18:43:29.84-04,2018-05-25 18:43:29.84-04
d63a41b7-9f68-4080-9196-b09ebdfdf8b0,157d8c02-b0b9-43d4-ae5a-fc8d719ad3a1,e514b49a-0a3e-4b76-84f6-fcc6520cc09d,2018-05-25 18:43:29.866-04,2018-05-25 18:43:29.866-04
da78ce17-4408-4cce-a692-a3e91504f33f,157d8c02-b0b9-43d4-ae5a-fc8d719ad3a1,fb8fb054-352a-437a-afd9-1176737d4158,2018-05-25 18:43:29.867-04,2018-05-25 18:43:29.867-04
ad1f4aa3-a635-4676-9009-1ba5a8a4b9a9,157d8c02-b0b9-43d4-ae5a-fc8d719ad3a1,8787325c-613f-4614-8514-d47ec0e06a90,2018-05-25 18:43:29.876-04,2018-05-25 18:43:29.876-04
99bba544-a00a-4773-b6ed-7efd1f1d7fb0,157d8c02-b0b9-43d4-ae5a-fc8d719ad3a1,42043943-c2ac-4b2b-86a4-5f124bd28eb6,2018-05-25 18:43:29.882-04,2018-05-25 18:43:29.882-04
68030cbf-b4ff-42b3-bf24-4b0dfed87321,157d8c02-b0b9-43d4-ae5a-fc8d719ad3a1,a1e00118-38c2-41ec-bef8-ba2e3faa917f,2018-05-25 18:43:29.882-04,2018-05-25 18:43:29.882-04
7425de07-4df3-4f30-87d4-3e4a673c1f5b,157d8c02-b0b9-43d4-ae5a-fc8d719ad3a1,687a5965-7f3b-4e39-a296-0b4989053cb5,2018-05-25 18:43:29.882-04,2018-05-25 18:43:29.882-04
127b304b-29bd-40bc-821d-a51c66958e0c,157d8c02-b0b9-43d4-ae5a-fc8d719ad3a1,b69d7c32-f011-4fec-952b-26c30cf1faae,2018-05-25 18:43:29.882-04,2018-05-25 18:43:29.882-04
01dfb20b-e1bc-4266-815d-1bcb2a6e7793,157d8c02-b0b9-43d4-ae5a-fc8d719ad3a1,82d76e99-e6ff-4ac5-95fd-fe6c5d8a6b42,2018-05-25 18:43:29.882-04,2018-05-25 18:43:29.882-04
d1ad3e25-3570-45d7-b383-b7ab20a53d7f,157d8c02-b0b9-43d4-ae5a-fc8d719ad3a1,310662a7-2796-4b49-b1e4-b7e02316840d,2018-05-25 18:43:29.89-04,2018-05-25 18:43:29.89-04
819ce86e-06c8-43a9-b8c1-ccdddc5d1c23,157d8c02-b0b9-43d4-ae5a-fc8d719ad3a1,78af430a-c43f-431e-9da3-edeeafb44edf,2018-05-25 18:43:29.89-04,2018-05-25 18:43:29.89-04
ffb85d0b-f692-44b4-9d89-9c37ddd95e1f,157d8c02-b0b9-43d4-ae5a-fc8d719ad3a1,03c7cb85-b862-4d36-aa1d-6f0b098a8322,2018-05-25 18:43:29.9-04,2018-05-25 18:43:29.9-04
ba0c5b27-f93f-4b29-a650-82c172424a70,157d8c02-b0b9-43d4-ae5a-fc8d719ad3a1,a35ad0f4-c7af-4480-891d-00cd99932e32,2018-05-25 18:43:29.913-04,2018-05-25 18:43:29.913-04
dc7e4da6-4cf5-4942-94f1-4ab55c066be4,157d8c02-b0b9-43d4-ae5a-fc8d719ad3a1,2b663fce-4a8c-441a-ad21-f1bf8b4f2dc7,2018-05-25 18:43:29.922-04,2018-05-25 18:43:29.922-04
ca7f4d65-bac1-4fb4-a317-46bb8af7b685,157d8c02-b0b9-43d4-ae5a-fc8d719ad3a1,5cc423be-925c-4872-9048-e41754bca53b,2018-05-25 18:43:29.939-04,2018-05-25 18:43:29.939-04
a0554c6e-7015-4a5e-8c42-8c61b2e8b63c,157d8c02-b0b9-43d4-ae5a-fc8d719ad3a1,42f99d5f-fe33-4665-a688-4ca2c4c6583b,2018-05-25 18:43:29.89-04,2018-05-25 18:43:29.89-04
d0018d61-0bd0-465e-b5a7-af30984c44ad,157d8c02-b0b9-43d4-ae5a-fc8d719ad3a1,890bb24c-9111-44ad-9470-a6f3ab92f103,2018-05-25 18:43:29.913-04,2018-05-25 18:43:29.913-04
0ffec2aa-bd94-4f0a-a371-e1f3f6bc6584,157d8c02-b0b9-43d4-ae5a-fc8d719ad3a1,98d56089-6ff5-4803-a338-d83631397ada,2018-05-25 18:43:29.939-04,2018-05-25 18:43:29.939-04
5ea8c7b9-229b-4d53-a658-9c3a0d4b525c,69a6b96a-623b-434f-aff3-bda217e54104,b94f514b-cc81-40a0-bdd6-d364a7cf861b,2018-05-25 18:45:23.938-04,2018-05-25 18:45:23.938-04
698c351f-eb54-4dee-b9b5-1166fb75c736,824dfd1c-9900-42ab-b969-bda555043bee,8787325c-613f-4614-8514-d47ec0e06a90,2018-05-25 18:47:40.871-04,2018-05-25 18:47:40.871-04
99fb5baa-5d10-4456-aa9b-9f537eed036a,824dfd1c-9900-42ab-b969-bda555043bee,e250d725-3f5d-4f57-aac5-ac691c1c0ae6,2018-05-25 18:47:40.88-04,2018-05-25 18:47:40.88-04
408bcae5-189e-4e84-9052-26179dd7739c,824dfd1c-9900-42ab-b969-bda555043bee,e7613ee1-34c5-418f-a492-891e1301f469,2018-05-25 18:47:40.89-04,2018-05-25 18:47:40.89-04
72e3d52c-ddba-4bc3-b3ad-73201b43f1fd,824dfd1c-9900-42ab-b969-bda555043bee,f63cb038-4740-4913-8bf4-dd09f31dc154,2018-05-25 18:47:40.9-04,2018-05-25 18:47:40.9-04
2d220509-fa9f-48d4-a617-eb9756f3fcfc,824dfd1c-9900-42ab-b969-bda555043bee,364c5430-eca1-4312-8f55-b698d17adde6,2018-05-25 18:47:40.911-04,2018-05-25 18:47:40.911-04
cf5c5cea-0c59-4714-a855-c0575f063403,824dfd1c-9900-42ab-b969-bda555043bee,f9a322ff-279c-4876-a8bd-1d120060387c,2018-05-25 18:47:40.923-04,2018-05-25 18:47:40.923-04
4232c2fe-b6c2-41b1-8876-29efac11b228,824dfd1c-9900-42ab-b969-bda555043bee,3d69c05e-8970-4e1e-a387-154d52c59b7d,2018-05-25 18:47:40.93-04,2018-05-25 18:47:40.93-04
9d28a2d5-05b2-4c37-89b4-d621ae9c2c94,824dfd1c-9900-42ab-b969-bda555043bee,e271d817-f213-4fea-bb1c-a1e77450082e,2018-05-25 18:47:40.936-04,2018-05-25 18:47:40.936-04
46e62475-cd00-4691-b6d6-7391a2c877e0,824dfd1c-9900-42ab-b969-bda555043bee,f7033cf8-9def-4ef1-bf47-84078e92effe,2018-05-25 18:47:40.944-04,2018-05-25 18:47:40.944-04
20b60b1f-229d-416a-b004-883c82c8f03c,824dfd1c-9900-42ab-b969-bda555043bee,03a4c0d9-a807-4755-b81a-8be987eb479e,2018-05-25 18:47:40.953-04,2018-05-25 18:47:40.953-04
b807566a-0281-4c12-8392-a734d58d0b75,824dfd1c-9900-42ab-b969-bda555043bee,048a8e16-2305-4161-be85-a34d937d99a7,2018-05-25 18:47:40.964-04,2018-05-25 18:47:40.964-04
53affc30-882c-40eb-bf05-7478bdf43102,824dfd1c-9900-42ab-b969-bda555043bee,96472d0d-ce35-4448-be83-2185118c992a,2018-05-25 18:47:40.978-04,2018-05-25 18:47:40.978-04
82df81c1-a229-4c52-ae4b-5ab1de5d1db9,157d8c02-b0b9-43d4-ae5a-fc8d719ad3a1,f6ad9431-8a87-48ee-a75f-b29fc9a79a08,2018-05-25 18:43:29.9-04,2018-05-25 18:43:29.9-04
89128587-2200-4508-877b-b2a0498b01d9,157d8c02-b0b9-43d4-ae5a-fc8d719ad3a1,f687b546-3b9e-4ffc-9853-8dfe2f29e9c4,2018-05-25 18:43:29.913-04,2018-05-25 18:43:29.913-04
aa28b7dc-1659-48ba-a7c4-4d13d86ec3c2,157d8c02-b0b9-43d4-ae5a-fc8d719ad3a1,06f9a42f-bb6b-41a2-82d3-805a8e2ad548,2018-05-25 18:43:29.922-04,2018-05-25 18:43:29.922-04
9518fdf3-680c-4c30-94b3-d4a0c696a4c6,157d8c02-b0b9-43d4-ae5a-fc8d719ad3a1,ede4f1c4-15cd-4236-a197-6f663672f0c8,2018-05-25 18:43:29.939-04,2018-05-25 18:43:29.939-04
bf6d6ef8-6db1-45ad-b63f-45cbdc08a35e,01cb6a65-12d9-4c33-b306-d8ca807fa681,8787325c-613f-4614-8514-d47ec0e06a90,2018-05-25 18:45:37.733-04,2018-05-25 18:45:37.733-04
48ab6485-f325-4059-8e0f-64369d444db0,01cb6a65-12d9-4c33-b306-d8ca807fa681,59ce01ba-f404-4a6b-bbab-78764083465b,2018-05-25 18:45:37.783-04,2018-05-25 18:45:37.783-04
dc4c6453-7ee0-494e-8baa-d718d25088ea,01cb6a65-12d9-4c33-b306-d8ca807fa681,5ee465da-e66b-4a59-bbf4-7375cb1fec42,2018-05-25 18:45:37.79-04,2018-05-25 18:45:37.79-04
595b261c-a745-433d-865c-c27f8b67a925,01cb6a65-12d9-4c33-b306-d8ca807fa681,d832f944-257e-4015-89e5-763947552ef8,2018-05-25 18:45:37.804-04,2018-05-25 18:45:37.804-04
8f969e34-fdab-4acb-a731-ac2f335602c8,01cb6a65-12d9-4c33-b306-d8ca807fa681,5ca68292-99a3-40f0-b8a5-6a33116ccc77,2018-05-25 18:45:37.812-04,2018-05-25 18:45:37.812-04
35146398-90fb-45eb-b975-e4cf45cae7e4,01cb6a65-12d9-4c33-b306-d8ca807fa681,48d5aaaa-87ff-4423-ba47-b4efcfd4b5bf,2018-05-25 18:45:37.82-04,2018-05-25 18:45:37.82-04
9521e84b-4058-45c6-83be-7453a4a21909,824dfd1c-9900-42ab-b969-bda555043bee,890bb24c-9111-44ad-9470-a6f3ab92f103,2018-05-25 18:47:40.89-04,2018-05-25 18:47:40.89-04
03297c59-30cb-4ace-a733-8ba9acf0dd14,824dfd1c-9900-42ab-b969-bda555043bee,b24a7f14-6fb7-4a94-bb87-890161798dd8,2018-05-25 18:47:40.936-04,2018-05-25 18:47:40.936-04
6d799497-e655-4514-97c8-2db128656b40,824dfd1c-9900-42ab-b969-bda555043bee,27e96ff7-7195-4bd0-bcab-f9106838af2d,2018-05-25 18:47:40.944-04,2018-05-25 18:47:40.944-04
27e6ef24-dbaa-4963-8378-cc69b591d7b3,824dfd1c-9900-42ab-b969-bda555043bee,20c439aa-8555-4ca0-9e3c-c0252408d721,2018-05-25 18:47:40.953-04,2018-05-25 18:47:40.953-04
fc6d4220-0dc6-433f-a393-545a4132dde3,824dfd1c-9900-42ab-b969-bda555043bee,8d02cf28-e5fd-4c94-85c1-423c3e59e421,2018-05-25 18:47:40.964-04,2018-05-25 18:47:40.964-04
808fe26d-5902-4c4e-aa64-ebf2dc7b4e84,824dfd1c-9900-42ab-b969-bda555043bee,d102d26e-4f23-40cb-9e87-23920b997155,2018-05-25 18:47:40.972-04,2018-05-25 18:47:40.972-04
3bfe1dfc-dfa0-4812-be1f-0d0c7e2bb089,824dfd1c-9900-42ab-b969-bda555043bee,e4e27367-f614-4c41-80cb-9049cfe71852,2018-05-25 18:47:40.978-04,2018-05-25 18:47:40.978-04
65cca91d-60c3-4af2-bf5a-4cc5ee6a4c18,86ad1b67-9633-42c0-82d2-f6f3b1dc59c6,8787325c-613f-4614-8514-d47ec0e06a90,2018-05-25 18:44:26.305-04,2018-05-25 18:44:26.305-04
fb311a36-1f86-4a63-b77f-38db75604947,86ad1b67-9633-42c0-82d2-f6f3b1dc59c6,cde93cfb-c037-451c-9b54-b798e4ff46cc,2018-05-25 18:44:26.314-04,2018-05-25 18:44:26.314-04
d7fc7ba5-7111-4448-a47d-5f6c04b0999c,86ad1b67-9633-42c0-82d2-f6f3b1dc59c6,2b663fce-4a8c-441a-ad21-f1bf8b4f2dc7,2018-05-25 18:44:26.34-04,2018-05-25 18:44:26.34-04
3ba8e9af-41d0-48b9-803a-3c880a78c24d,86ad1b67-9633-42c0-82d2-f6f3b1dc59c6,98d56089-6ff5-4803-a338-d83631397ada,2018-05-25 18:44:26.346-04,2018-05-25 18:44:26.346-04
99380bbd-887d-4f7b-99df-2fd8f2dd5b1f,86ad1b67-9633-42c0-82d2-f6f3b1dc59c6,e7613ee1-34c5-418f-a492-891e1301f469,2018-05-25 18:44:26.381-04,2018-05-25 18:44:26.381-04
2f8a5be6-8c91-4cd4-986c-0342b74104ec,86ad1b67-9633-42c0-82d2-f6f3b1dc59c6,8ce375e4-d2b9-4443-895b-bc1a7bf81ca7,2018-05-25 18:44:26.397-04,2018-05-25 18:44:26.397-04
698a501b-daa1-4620-a2d5-5d19305b9a5b,86ad1b67-9633-42c0-82d2-f6f3b1dc59c6,4fdbe25b-553d-4590-bc46-369f7ed4d603,2018-05-25 18:44:26.406-04,2018-05-25 18:44:26.406-04
84ef7f17-230d-4533-b737-965006d6e4a6,86ad1b67-9633-42c0-82d2-f6f3b1dc59c6,7475cd4c-52db-42f0-bdde-c05fbf4975ff,2018-05-25 18:44:26.413-04,2018-05-25 18:44:26.413-04
43585025-71af-4592-98fa-e71e4dd70760,01cb6a65-12d9-4c33-b306-d8ca807fa681,2d5774c0-336c-45fc-861c-4476f9c0e1ca,2018-05-25 18:45:37.756-04,2018-05-25 18:45:37.756-04
3b51c0f8-24a9-4ea7-bea5-b4d29d00ae0a,01cb6a65-12d9-4c33-b306-d8ca807fa681,879e4555-0e0a-4002-ba30-d449ed70b1b0,2018-05-25 18:45:37.79-04,2018-05-25 18:45:37.79-04
8a8f4284-c105-46c4-a5a1-7bc80e559278,01cb6a65-12d9-4c33-b306-d8ca807fa681,10f12518-bb92-4503-a1ac-b613afaf3d48,2018-05-25 18:45:37.804-04,2018-05-25 18:45:37.804-04
1649e179-000f-402d-a16c-e42d6a6f8151,01cb6a65-12d9-4c33-b306-d8ca807fa681,83e097b3-e766-4cb3-be41-0ad4ea4c7ff9,2018-05-25 18:45:37.812-04,2018-05-25 18:45:37.812-04
5457b742-ca56-443c-a0e0-ac1cfd3ae586,01cb6a65-12d9-4c33-b306-d8ca807fa681,d9246f70-01e6-4254-9126-a75b6c1dfd73,2018-05-25 18:45:37.831-04,2018-05-25 18:45:37.831-04
fe50d2ef-b990-4fc1-ad21-0ce156763721,824dfd1c-9900-42ab-b969-bda555043bee,7fd7b4c8-6513-4435-9e53-d997f7775b79,2018-05-25 18:47:40.89-04,2018-05-25 18:47:40.89-04
a6cead1f-c240-4d26-9c76-3db09130bc41,824dfd1c-9900-42ab-b969-bda555043bee,e8a125dd-b582-473b-a50a-519b361f4311,2018-05-25 18:47:40.937-04,2018-05-25 18:47:40.937-04
c2d8b627-5cdf-4f3b-bd79-8ffe67aec42f,824dfd1c-9900-42ab-b969-bda555043bee,ca0fa853-79ad-4821-8e9d-cf41e43b8e75,2018-05-25 18:47:40.953-04,2018-05-25 18:47:40.953-04
200901d4-d235-409d-a0d5-52b7f2ceaba6,824dfd1c-9900-42ab-b969-bda555043bee,bd8e4f7c-5d8e-4d76-b8dd-5d9339579f5c,2018-05-25 18:47:40.972-04,2018-05-25 18:47:40.972-04
06c74596-8d31-458e-92ea-694c1705eacc,86ad1b67-9633-42c0-82d2-f6f3b1dc59c6,42043943-c2ac-4b2b-86a4-5f124bd28eb6,2018-05-25 18:44:26.305-04,2018-05-25 18:44:26.305-04
5d3c7cb6-3456-4ca5-a89a-16994c8a76a8,86ad1b67-9633-42c0-82d2-f6f3b1dc59c6,d1e420e6-29a6-4170-8808-9484aabafa87,2018-05-25 18:44:26.381-04,2018-05-25 18:44:26.381-04
e651bf2b-54eb-4394-8124-5d41189c872c,86ad1b67-9633-42c0-82d2-f6f3b1dc59c6,eb68bf21-051f-41e2-bf07-fae7e5ec73a2,2018-05-25 18:44:26.397-04,2018-05-25 18:44:26.397-04
b55d0ca2-163a-4476-83a2-5e27e524a6d9,86ad1b67-9633-42c0-82d2-f6f3b1dc59c6,33efbbb4-b8f8-4ba6-a9aa-eb8ed9cd6725,2018-05-25 18:44:26.406-04,2018-05-25 18:44:26.406-04
685c6119-9552-4a13-8b55-f6e9c4115086,86ad1b67-9633-42c0-82d2-f6f3b1dc59c6,05742e88-37a4-40a2-9d3d-beffacda419f,2018-05-25 18:44:26.413-04,2018-05-25 18:44:26.413-04
3afb3ec7-e1fc-46e7-8734-fc29443df546,86ad1b67-9633-42c0-82d2-f6f3b1dc59c6,f7500752-1409-48a8-91cb-373451e8a9a4,2018-05-25 18:44:26.421-04,2018-05-25 18:44:26.421-04
f5c58277-f6b1-46ef-8640-b21e0adbd21d,86ad1b67-9633-42c0-82d2-f6f3b1dc59c6,facb317e-4f17-4ef6-bf6a-d76b74b11460,2018-05-25 18:44:26.421-04,2018-05-25 18:44:26.421-04
ce3058c2-6e94-4250-adb4-3bb40437d482,01cb6a65-12d9-4c33-b306-d8ca807fa681,9d6ea0f8-d640-40ce-a698-168a7fac14ac,2018-05-25 18:45:37.756-04,2018-05-25 18:45:37.756-04
9c17c7af-9865-4334-8cfa-10d5cb180bab,01cb6a65-12d9-4c33-b306-d8ca807fa681,f711370b-1b7b-47a9-91e8-270782a28694,2018-05-25 18:45:37.791-04,2018-05-25 18:45:37.791-04
4d2a8a7a-7400-41fe-9ad8-978e2ef6f7a0,01cb6a65-12d9-4c33-b306-d8ca807fa681,7d12c5da-42db-4bde-a8dc-e09ac108bdd6,2018-05-25 18:45:37.812-04,2018-05-25 18:45:37.812-04
622c00ee-0e87-44a7-b004-fe1727b20990,824dfd1c-9900-42ab-b969-bda555043bee,f61ab666-e399-44b2-ae13-8568f0141c0b,2018-05-25 18:47:40.937-04,2018-05-25 18:47:40.937-04
97f63b91-9a04-4cb0-8ae1-8d80ca81aaf0,824dfd1c-9900-42ab-b969-bda555043bee,197a4672-e453-4233-aac2-1b24d1d14955,2018-05-25 18:47:40.954-04,2018-05-25 18:47:40.954-04
ee8c4e13-af21-44a3-bbc2-3e908d431ff4,824dfd1c-9900-42ab-b969-bda555043bee,2f5ce47d-013d-4ff3-a2d6-e84b8e77b121,2018-05-25 18:47:40.964-04,2018-05-25 18:47:40.964-04
68a86bd3-ff2d-4815-ad4d-b1a0aab83c9a,824dfd1c-9900-42ab-b969-bda555043bee,8326c24e-add7-41bb-ae06-bdaf67deef8e,2018-05-25 18:47:40.978-04,2018-05-25 18:47:40.978-04
aa5f3252-5d06-4c97-b604-1d5b79aafc5f,86ad1b67-9633-42c0-82d2-f6f3b1dc59c6,687a5965-7f3b-4e39-a296-0b4989053cb5,2018-05-25 18:44:26.306-04,2018-05-25 18:44:26.306-04
a641cc01-5c9e-48eb-abd0-10c57ff63ada,86ad1b67-9633-42c0-82d2-f6f3b1dc59c6,a35ad0f4-c7af-4480-891d-00cd99932e32,2018-05-25 18:44:26.326-04,2018-05-25 18:44:26.326-04
c6346047-b727-4885-8d5b-9203f0d8a0a1,86ad1b67-9633-42c0-82d2-f6f3b1dc59c6,47917741-381a-406e-ad8e-1e394eb519fb,2018-05-25 18:44:26.397-04,2018-05-25 18:44:26.397-04
8b92f0e6-e054-4191-90aa-39d9887a7a5c,86ad1b67-9633-42c0-82d2-f6f3b1dc59c6,9010dfd8-a59d-432d-aca0-a18d7ae49cdf,2018-05-25 18:44:26.432-04,2018-05-25 18:44:26.432-04
c2f676e0-2fc1-4a68-8fb0-752ac5a04113,01cb6a65-12d9-4c33-b306-d8ca807fa681,d0b0e64a-04eb-43da-ae8a-e5c975a47ae6,2018-05-25 18:45:37.783-04,2018-05-25 18:45:37.783-04
24019a2d-b4ce-4d54-9779-8c45418c5dec,01cb6a65-12d9-4c33-b306-d8ca807fa681,e2eb2223-0f7d-468e-a53a-228095ab10ca,2018-05-25 18:45:37.79-04,2018-05-25 18:45:37.79-04
824a1b12-592b-46e3-b1e9-b5ad66dd9064,01cb6a65-12d9-4c33-b306-d8ca807fa681,4647b2cd-33bd-4adb-8a93-04a6cfe364b6,2018-05-25 18:45:37.804-04,2018-05-25 18:45:37.804-04
b34d62ba-f805-4885-9a58-78cc826e46c1,01cb6a65-12d9-4c33-b306-d8ca807fa681,018723a2-da29-47e6-ae2d-240f0048d8b2,2018-05-25 18:45:37.812-04,2018-05-25 18:45:37.812-04
2d48e9ff-7a57-4d46-a1a6-380186835ec5,01cb6a65-12d9-4c33-b306-d8ca807fa681,7826d863-9de8-4d8b-a39a-4501975408da,2018-05-25 18:45:37.82-04,2018-05-25 18:45:37.82-04
1e0e4268-fb14-4cd4-9c4e-9d28e26824e3,824dfd1c-9900-42ab-b969-bda555043bee,185ef348-7745-4e05-b9a3-7c000488c63d,2018-05-25 18:47:40.964-04,2018-05-25 18:47:40.964-04
cba3968a-520b-4f84-91a3-96363ab84284,824dfd1c-9900-42ab-b969-bda555043bee,c03aa728-cbd8-4892-9f93-765f6ba98557,2018-05-25 18:47:40.972-04,2018-05-25 18:47:40.972-04
f2842d1c-2edf-4d23-9a03-56c852aaffc9,86ad1b67-9633-42c0-82d2-f6f3b1dc59c6,fb8fb054-352a-437a-afd9-1176737d4158,2018-05-25 18:44:26.34-04,2018-05-25 18:44:26.34-04
e61214e0-ee7c-4bb8-a3a9-437c0ef3273b,86ad1b67-9633-42c0-82d2-f6f3b1dc59c6,81872cce-db4d-45d4-ad9f-ab37f70d2408,2018-05-25 18:44:26.346-04,2018-05-25 18:44:26.346-04
f47b62e0-384c-4616-85f0-8d197037865c,86ad1b67-9633-42c0-82d2-f6f3b1dc59c6,745393ae-c7a5-40cd-adf8-db07e2c7975a,2018-05-25 18:44:26.353-04,2018-05-25 18:44:26.353-04
2913bb15-52e2-472e-9c32-9d1efed0da0a,86ad1b67-9633-42c0-82d2-f6f3b1dc59c6,163f2694-e828-47a3-85b1-3fdb6c48bdad,2018-05-25 18:44:26.381-04,2018-05-25 18:44:26.381-04
33e1e785-74db-4743-bf1a-6f6a5d845aa1,86ad1b67-9633-42c0-82d2-f6f3b1dc59c6,70d37889-efb5-4d9b-ab35-c98897ba5cd1,2018-05-25 18:44:26.397-04,2018-05-25 18:44:26.397-04
3caeebf1-2e79-4c2d-b27f-d290b6d67a89,86ad1b67-9633-42c0-82d2-f6f3b1dc59c6,249f0da2-ca38-46ed-b111-691f8dad971f,2018-05-25 18:44:26.406-04,2018-05-25 18:44:26.406-04
3ab16a2c-352d-443b-af11-00e5d22cad40,86ad1b67-9633-42c0-82d2-f6f3b1dc59c6,7df0909f-5944-4eac-9e63-47ecefbbb183,2018-05-25 18:44:26.413-04,2018-05-25 18:44:26.413-04
0586a6a3-f1b5-4c52-8606-572cd848ad4b,86ad1b67-9633-42c0-82d2-f6f3b1dc59c6,d759e84d-8fcb-47a3-bae6-3ec18859a838,2018-05-25 18:44:26.421-04,2018-05-25 18:44:26.421-04
46e495fa-9102-4efc-801c-c90e921a4b6f,86ad1b67-9633-42c0-82d2-f6f3b1dc59c6,1fd0c389-187a-42cb-9e1c-6aff8fb96fbd,2018-05-25 18:44:26.442-04,2018-05-25 18:44:26.442-04
1b315a6e-6cbd-47d1-b4fa-fc075e725fae,01cb6a65-12d9-4c33-b306-d8ca807fa681,9679453b-e755-45fc-9075-35d030014c06,2018-05-25 18:45:37.791-04,2018-05-25 18:45:37.791-04
7ed2526f-2782-47c1-b95c-597af688bd10,01cb6a65-12d9-4c33-b306-d8ca807fa681,6d804445-11a4-4cb6-9aeb-f2b9d38d59a5,2018-05-25 18:45:37.819-04,2018-05-25 18:45:37.819-04
02a9784f-e610-46b1-8c35-01e6162639b6,62d2276a-92af-4a12-8d0f-ccf603365459,8787325c-613f-4614-8514-d47ec0e06a90,2018-05-28 15:57:53.156-04,2018-05-28 15:57:53.156-04
72c7efea-581d-4482-8672-6d95d5d5f1e4,62d2276a-92af-4a12-8d0f-ccf603365459,08fbdbaa-4b2e-465c-acee-6161d84a100d,2018-05-28 15:57:53.268-04,2018-05-28 15:57:53.268-04
5e771fb4-335b-49a9-ac20-2092ff0e5d5d,62d2276a-92af-4a12-8d0f-ccf603365459,f8463b3c-254e-4f06-9208-8cff2a32d51c,2018-05-28 15:57:53.275-04,2018-05-28 15:57:53.275-04
0e390435-27f7-4421-b43d-9ad493064164,62d2276a-92af-4a12-8d0f-ccf603365459,7b269974-5fac-4e48-9a9d-adcd222a5bc5,2018-05-28 15:57:53.286-04,2018-05-28 15:57:53.286-04
27184527-5dc9-4345-b93c-2f6ccdbf9caa,62d2276a-92af-4a12-8d0f-ccf603365459,4cbf7b84-72ff-4f6d-b0b6-c843238dc79f,2018-05-28 15:57:53.296-04,2018-05-28 15:57:53.296-04
e3c1c202-a735-4f71-b917-b93cc8327b89,62d2276a-92af-4a12-8d0f-ccf603365459,c360bb22-4c7a-4363-a5ff-829b607faf43,2018-05-28 15:57:53.322-04,2018-05-28 15:57:53.322-04
51858ef3-5329-4e92-81e9-3c6fcb39ce89,86ad1b67-9633-42c0-82d2-f6f3b1dc59c6,3f130f4a-41bc-4528-aaf3-4951a574e14a,2018-05-25 18:44:26.397-04,2018-05-25 18:44:26.397-04
4ee10119-9d53-4163-b608-9f17e06e73d7,86ad1b67-9633-42c0-82d2-f6f3b1dc59c6,42e07c73-24be-4fb7-a237-aed1f5b1b64e,2018-05-25 18:44:26.421-04,2018-05-25 18:44:26.421-04
cb1250d0-a85e-4b5f-8b99-c5420b307ccd,86ad1b67-9633-42c0-82d2-f6f3b1dc59c6,21965530-735a-457c-86ee-59b0252e9d5f,2018-05-25 18:44:26.432-04,2018-05-25 18:44:26.432-04
e5eb83b3-eadb-4ae1-87ee-9c20106df346,497da318-61f4-4c27-8a01-7f60b55096d6,59ce01ba-f404-4a6b-bbab-78764083465b,2018-05-25 18:46:25.977-04,2018-05-25 18:46:25.977-04
a84dc720-cb95-4f6a-a1f1-ea956bbf583c,497da318-61f4-4c27-8a01-7f60b55096d6,a1e00118-38c2-41ec-bef8-ba2e3faa917f,2018-05-25 18:46:25.991-04,2018-05-25 18:46:25.991-04
4481d450-5317-4e44-9361-9cd46a252a2e,497da318-61f4-4c27-8a01-7f60b55096d6,87b58669-df4b-48f1-8a3e-515598bc8410,2018-05-25 18:46:26.037-04,2018-05-25 18:46:26.037-04
3ca0ee2e-3d77-4440-9c0e-9e2072cdf870,497da318-61f4-4c27-8a01-7f60b55096d6,244d8b0b-66ed-478c-8a3e-c130c1221fe7,2018-05-25 18:46:26.044-04,2018-05-25 18:46:26.044-04
055876cd-a551-4f4b-86c4-c48286e107df,497da318-61f4-4c27-8a01-7f60b55096d6,ca098aa0-d5ab-4db6-b4da-a56b8d0588fc,2018-05-25 18:46:26.044-04,2018-05-25 18:46:26.044-04
786c9e4a-4e0b-40a5-90c4-217941a2ed76,497da318-61f4-4c27-8a01-7f60b55096d6,fb147b6a-7850-40f3-9b8a-4e93f34cd624,2018-05-25 18:46:26.064-04,2018-05-25 18:46:26.064-04
932c7844-d83b-4b8b-a4ae-bc75f13cd4c2,62d2276a-92af-4a12-8d0f-ccf603365459,59ce01ba-f404-4a6b-bbab-78764083465b,2018-05-28 15:57:53.156-04,2018-05-28 15:57:53.156-04
ef94a0cd-7ab8-4251-a937-776f317c1495,62d2276a-92af-4a12-8d0f-ccf603365459,72433ce1-c780-4227-b380-bb1fa350b166,2018-05-28 15:57:53.194-04,2018-05-28 15:57:53.194-04
f747ad10-bc8a-49b8-ad2b-d8627b0a382c,62d2276a-92af-4a12-8d0f-ccf603365459,fb8fb054-352a-437a-afd9-1176737d4158,2018-05-28 15:57:53.207-04,2018-05-28 15:57:53.207-04
12231f5d-b123-4df6-8d4d-cc3bbce2d6f2,62d2276a-92af-4a12-8d0f-ccf603365459,9148f603-fa2c-4ba0-bc8c-8727775e4f73,2018-05-28 15:57:53.244-04,2018-05-28 15:57:53.244-04
85705ce8-634f-457e-93b4-2a112f11445d,62d2276a-92af-4a12-8d0f-ccf603365459,2bfd57fd-dd22-4056-884c-f2539ef785a0,2018-05-28 15:57:53.268-04,2018-05-28 15:57:53.268-04
13cdd7ac-bd82-4e5a-aed8-9b32c96482ce,62d2276a-92af-4a12-8d0f-ccf603365459,59b01dfb-c11c-43ac-a64a-b74ce4f658e1,2018-05-28 15:57:53.277-04,2018-05-28 15:57:53.277-04
a499162a-3377-4eb4-a81e-18a7b143bf37,62d2276a-92af-4a12-8d0f-ccf603365459,dc0b86fd-37c0-47c2-adff-3b0c120e1370,2018-05-28 15:57:53.289-04,2018-05-28 15:57:53.289-04
7d0c6c8f-ce08-463f-8f18-b783acdf13a2,62d2276a-92af-4a12-8d0f-ccf603365459,391b1e2b-0376-4a69-9fe6-6eee1bafc1dd,2018-05-28 15:57:53.296-04,2018-05-28 15:57:53.296-04
6324cb99-9e7e-47c8-9c23-5db7915e74ce,e264b766-7bf2-4e48-ade3-517be49746fe,890bb24c-9111-44ad-9470-a6f3ab92f103,2018-05-25 18:44:44.005-04,2018-05-25 18:44:44.005-04
42c5b30f-2b2f-4333-9a83-77c08440aa02,e264b766-7bf2-4e48-ade3-517be49746fe,0d6aa132-6454-40ec-9007-41a87bbe2617,2018-05-25 18:44:44.049-04,2018-05-25 18:44:44.049-04
cf8b4473-7f99-4401-96f1-6785a57c9276,e264b766-7bf2-4e48-ade3-517be49746fe,ffec4eae-e3c5-410c-b529-5c4684dab26d,2018-05-25 18:44:44.064-04,2018-05-25 18:44:44.064-04
8c8a29ab-d0eb-4c1d-b8da-9895e623b82c,497da318-61f4-4c27-8a01-7f60b55096d6,f63cb038-4740-4913-8bf4-dd09f31dc154,2018-05-25 18:46:26.024-04,2018-05-25 18:46:26.024-04
e565bb6b-ff2a-424a-b48e-91553996ba78,497da318-61f4-4c27-8a01-7f60b55096d6,b2b9194d-cbad-44d3-afa7-5c6704b3d03b,2018-05-25 18:46:26.044-04,2018-05-25 18:46:26.044-04
28a4dba6-6704-44b9-aad4-adbbfa9688f3,497da318-61f4-4c27-8a01-7f60b55096d6,9ce45463-ac1e-4bc1-8bc5-2a5d5244c9fd,2018-05-25 18:46:26.052-04,2018-05-25 18:46:26.052-04
64369033-9b8c-4487-a822-5afed28c0811,497da318-61f4-4c27-8a01-7f60b55096d6,531702ab-c918-49ba-abf2-141236de42dd,2018-05-25 18:46:26.064-04,2018-05-25 18:46:26.064-04
e34336c0-30db-4a7d-aa46-dd0c60c05a06,62d2276a-92af-4a12-8d0f-ccf603365459,e7613ee1-34c5-418f-a492-891e1301f469,2018-05-28 15:57:53.179-04,2018-05-28 15:57:53.179-04
c2cf3024-e23e-40c7-b441-2d2f877b6745,62d2276a-92af-4a12-8d0f-ccf603365459,e6edba58-ec9a-4905-9676-27bad4074fa8,2018-05-28 15:57:53.244-04,2018-05-28 15:57:53.244-04
a631795d-4d24-48bc-9557-eaec40ec7474,62d2276a-92af-4a12-8d0f-ccf603365459,4344f6d1-3a06-498f-ae00-69e67ece7345,2018-05-28 15:57:53.268-04,2018-05-28 15:57:53.268-04
c4827f9f-2e59-4449-b8e9-c99930ef437a,62d2276a-92af-4a12-8d0f-ccf603365459,7af769cc-4ee7-4e9a-a01f-352484d6333e,2018-05-28 15:57:53.275-04,2018-05-28 15:57:53.275-04
e454f84a-586c-4a98-999c-c617ef5c8f19,62d2276a-92af-4a12-8d0f-ccf603365459,f742252d-cce9-4344-a240-992517f1b9dd,2018-05-28 15:57:53.286-04,2018-05-28 15:57:53.286-04
619362b0-eef6-4d92-a904-3dcd27cf05db,62d2276a-92af-4a12-8d0f-ccf603365459,d85ec97e-ee53-435d-82f3-35b4c9e4afba,2018-05-28 15:57:53.296-04,2018-05-28 15:57:53.296-04
00cab22f-b961-4585-9075-f874498e7eee,62d2276a-92af-4a12-8d0f-ccf603365459,5c65ca9d-fe84-44da-9f39-fb2518c25205,2018-05-28 15:57:53.322-04,2018-05-28 15:57:53.322-04
8c6161f4-aa25-4e14-86e3-61fe17bda918,e264b766-7bf2-4e48-ade3-517be49746fe,8787325c-613f-4614-8514-d47ec0e06a90,2018-05-25 18:44:44.004-04,2018-05-25 18:44:44.004-04
90ab7746-ae25-4b24-9a5b-c466698c0585,e264b766-7bf2-4e48-ade3-517be49746fe,5ea1f681-46ad-4bd9-8eee-2ae56a21f195,2018-05-25 18:44:44.012-04,2018-05-25 18:44:44.012-04
6f102b54-16bc-410d-8297-7072ac50273d,e264b766-7bf2-4e48-ade3-517be49746fe,69471519-2f40-4679-9b52-f1c4c0a080a8,2018-05-25 18:44:44.038-04,2018-05-25 18:44:44.038-04
9109fc94-c951-4b05-9dfe-eb4dc0f6e5f7,e264b766-7bf2-4e48-ade3-517be49746fe,6718e658-5ad9-4bea-96d5-6aa669161607,2018-05-25 18:44:44.049-04,2018-05-25 18:44:44.049-04
552792f4-5a16-4096-9c96-3fcbcded2344,e264b766-7bf2-4e48-ade3-517be49746fe,d8e5b1c8-edd2-4692-9875-8f05c5bbef70,2018-05-25 18:44:44.064-04,2018-05-25 18:44:44.064-04
c1e3b258-f411-4519-a349-e53a8154bbfe,497da318-61f4-4c27-8a01-7f60b55096d6,078a5c07-68bd-4702-99d1-110fee667981,2018-05-25 18:46:26.044-04,2018-05-25 18:46:26.044-04
6086c41b-dfcf-4946-b533-e9db0d3c30f7,497da318-61f4-4c27-8a01-7f60b55096d6,cd75a44e-274e-412a-84c9-72ac905a32e4,2018-05-25 18:46:26.053-04,2018-05-25 18:46:26.053-04
a15fdbd3-9307-4bc1-942f-034fb95a3125,497da318-61f4-4c27-8a01-7f60b55096d6,637eb620-4ed2-40a7-92a3-7ace3f9a429e,2018-05-25 18:46:26.076-04,2018-05-25 18:46:26.076-04
0e37ac78-d5a2-4fb2-b05d-4ebcd311ea7c,62d2276a-92af-4a12-8d0f-ccf603365459,4e064297-891a-4e7c-9426-7274a812946a,2018-05-28 15:57:53.254-04,2018-05-28 15:57:53.254-04
e989c424-3565-4a6c-b39c-ba12954e92e1,62d2276a-92af-4a12-8d0f-ccf603365459,6d53794e-7f2d-44da-ace4-273b5eb69a55,2018-05-28 15:57:53.268-04,2018-05-28 15:57:53.268-04
379ea2d9-a031-42a6-bdfa-ed41ac61b7d5,62d2276a-92af-4a12-8d0f-ccf603365459,f723d8cd-6424-4088-aa88-718766939181,2018-05-28 15:57:53.277-04,2018-05-28 15:57:53.277-04
f821524c-88d0-45ed-9fe0-b407e3fb6701,62d2276a-92af-4a12-8d0f-ccf603365459,456b8acf-4be1-49e4-8b67-e3f926ea6160,2018-05-28 15:57:53.289-04,2018-05-28 15:57:53.289-04
8300ec0e-1efd-45a4-8139-6e97b4370672,e264b766-7bf2-4e48-ade3-517be49746fe,745393ae-c7a5-40cd-adf8-db07e2c7975a,2018-05-25 18:44:44.018-04,2018-05-25 18:44:44.018-04
14c38326-488a-4f76-b280-ca94270ebdfa,e264b766-7bf2-4e48-ade3-517be49746fe,e684cc50-a446-4b36-81dd-627d2fe50bab,2018-05-25 18:44:44.038-04,2018-05-25 18:44:44.038-04
5be795d3-3127-419b-8519-90fb00ecb978,497da318-61f4-4c27-8a01-7f60b55096d6,9b9c4daf-ce87-425d-a495-1508cfa68f20,2018-05-25 18:46:26.044-04,2018-05-25 18:46:26.044-04
bb5912c3-ef1d-43ec-b541-b4497b469df4,497da318-61f4-4c27-8a01-7f60b55096d6,66a4160b-bc21-4fe8-b538-253c8a19d64d,2018-05-25 18:46:26.076-04,2018-05-25 18:46:26.076-04
b18dce29-4084-4ed9-8f22-984f7abd0df5,62d2276a-92af-4a12-8d0f-ccf603365459,da912798-c4dd-4810-bad2-87446bed56ef,2018-05-28 15:57:53.255-04,2018-05-28 15:57:53.255-04
76080063-acd4-421a-b416-614a00e09ac6,62d2276a-92af-4a12-8d0f-ccf603365459,021d046d-8cef-42a5-afce-b7249941a094,2018-05-28 15:57:53.277-04,2018-05-28 15:57:53.277-04
47671e40-f34a-46c2-9769-618a74bac5c4,62d2276a-92af-4a12-8d0f-ccf603365459,82bdfb12-4a61-4c5c-86d4-3ce10936533d,2018-05-28 15:57:53.296-04,2018-05-28 15:57:53.296-04
5fb2d751-3674-4c4e-9016-f6a16ba3a498,62d2276a-92af-4a12-8d0f-ccf603365459,890dafce-e558-4b3e-9cae-6730d0819dff,2018-05-28 15:57:53.322-04,2018-05-28 15:57:53.322-04
6a2178f3-3682-4745-9c96-68006474249a,e264b766-7bf2-4e48-ade3-517be49746fe,2c4e1885-a2d3-478f-8601-ac9501098640,2018-05-25 18:44:44.018-04,2018-05-25 18:44:44.018-04
47c7d03c-6b75-404f-8b90-c3c388946580,497da318-61f4-4c27-8a01-7f60b55096d6,426bca0c-d2c7-4478-bbce-41c4bbbc88ba,2018-05-25 18:46:26.052-04,2018-05-25 18:46:26.052-04
8a3cc478-3710-4cb8-92c6-f34e85776fb8,497da318-61f4-4c27-8a01-7f60b55096d6,63fcb0ca-a880-42c6-a73e-cb6d8e17d359,2018-05-25 18:46:26.076-04,2018-05-25 18:46:26.076-04
88617b16-e7b6-4a88-8880-e9182e7f9739,e264b766-7bf2-4e48-ade3-517be49746fe,bc29048b-4958-4a65-98a0-c138dc02c355,2018-05-25 18:44:44.038-04,2018-05-25 18:44:44.038-04
d2d611a8-8d74-4515-a81b-955f4c452968,e264b766-7bf2-4e48-ade3-517be49746fe,dc46a785-81cd-45f6-9ad6-d96dac9b73cc,2018-05-25 18:44:44.049-04,2018-05-25 18:44:44.049-04
186c7053-44bb-4aef-9e5f-f71781d4bdcc,e264b766-7bf2-4e48-ade3-517be49746fe,8e2720a5-fd22-4291-96d2-25df1afd7c92,2018-05-25 18:44:44.064-04,2018-05-25 18:44:44.064-04
71c3f1bf-612d-4b8d-99a4-9e420c47e823,81a8b361-be65-40d2-9422-2b27bbf246d4,8787325c-613f-4614-8514-d47ec0e06a90,2018-05-25 18:46:57.619-04,2018-05-25 18:46:57.619-04
3f69916e-68e4-4fe3-a50d-d7065630f36e,81a8b361-be65-40d2-9422-2b27bbf246d4,9a00fad7-a4f5-4bb5-aa3a-9ef37756f2aa,2018-05-25 18:46:57.656-04,2018-05-25 18:46:57.656-04
6ae7c04a-4f68-439c-a98a-dc2570dfdbe8,81a8b361-be65-40d2-9422-2b27bbf246d4,ace1714e-1bcc-486c-aa5d-0a1888529012,2018-05-25 18:46:57.666-04,2018-05-25 18:46:57.666-04
f4c7bd53-8a3d-4a61-a2e7-c73530bc1753,81a8b361-be65-40d2-9422-2b27bbf246d4,30b5ce00-2f12-4a2d-9dcc-4e3ec514d140,2018-05-25 18:46:57.679-04,2018-05-25 18:46:57.679-04
cf01fe82-7f25-4571-95ec-eb3e3b3a5d13,81a8b361-be65-40d2-9422-2b27bbf246d4,7571386a-7bba-4305-be5c-bdd3b0e28099,2018-05-25 18:46:57.689-04,2018-05-25 18:46:57.689-04
1874de6a-7f54-405f-b6e8-6fb55926f3a5,9c9a61a9-d959-4a7a-b71b-95d8a4fd6dc8,8787325c-613f-4614-8514-d47ec0e06a90,2018-05-25 18:45:09.115-04,2018-05-25 18:45:09.115-04
d6249bae-358e-433a-9d2d-402d29bd4bbd,9c9a61a9-d959-4a7a-b71b-95d8a4fd6dc8,890bb24c-9111-44ad-9470-a6f3ab92f103,2018-05-25 18:45:09.133-04,2018-05-25 18:45:09.133-04
36945687-4831-4b51-9728-a6a67fd977a7,9c9a61a9-d959-4a7a-b71b-95d8a4fd6dc8,cde93cfb-c037-451c-9b54-b798e4ff46cc,2018-05-25 18:45:09.145-04,2018-05-25 18:45:09.145-04
142d15b4-4056-48a7-aea1-5c5a163f4dc8,9c9a61a9-d959-4a7a-b71b-95d8a4fd6dc8,8c522bb4-7bd7-420a-9ddf-3b998ea8eddf,2018-05-25 18:45:09.159-04,2018-05-25 18:45:09.159-04
e6ee0c91-53c1-46c5-96b6-98b987b2f140,9c9a61a9-d959-4a7a-b71b-95d8a4fd6dc8,e257f550-febc-40c1-8b5c-baf1b77a47e7,2018-05-25 18:45:09.18-04,2018-05-25 18:45:09.18-04
ed5866a4-ec1a-43e4-bfef-df5ae0752d98,81a8b361-be65-40d2-9422-2b27bbf246d4,59ce01ba-f404-4a6b-bbab-78764083465b,2018-05-25 18:46:57.619-04,2018-05-25 18:46:57.619-04
cffd1467-7df8-4063-b834-732fc96f04e7,81a8b361-be65-40d2-9422-2b27bbf246d4,ec363692-3fb8-42e0-a053-a94356f2d9ab,2018-05-25 18:46:57.656-04,2018-05-25 18:46:57.656-04
4b6eeac1-8c90-4420-ad06-18a0ba0c7777,81a8b361-be65-40d2-9422-2b27bbf246d4,c3c7f292-2ea0-4766-800c-10528406a349,2018-05-25 18:46:57.666-04,2018-05-25 18:46:57.666-04
d2028036-0cf0-40f4-8766-562c5ff0cbf9,81a8b361-be65-40d2-9422-2b27bbf246d4,0c05b2fb-9013-4a03-b73e-a988543259c0,2018-05-25 18:46:57.679-04,2018-05-25 18:46:57.679-04
7d2e9758-d75e-43d4-bd26-ebb13a514f89,81a8b361-be65-40d2-9422-2b27bbf246d4,4809428d-c380-4059-9e86-c3cbd12201ca,2018-05-25 18:46:57.689-04,2018-05-25 18:46:57.689-04
73bacee2-b893-4cd6-9272-037f2f35d098,9c9a61a9-d959-4a7a-b71b-95d8a4fd6dc8,687a5965-7f3b-4e39-a296-0b4989053cb5,2018-05-25 18:45:09.115-04,2018-05-25 18:45:09.115-04
a72de21a-43f4-4574-aa92-13cb46e68c2e,9c9a61a9-d959-4a7a-b71b-95d8a4fd6dc8,e684cc50-a446-4b36-81dd-627d2fe50bab,2018-05-25 18:45:09.133-04,2018-05-25 18:45:09.133-04
d42df3a5-7146-4621-abaf-d8887d51507f,9c9a61a9-d959-4a7a-b71b-95d8a4fd6dc8,5cc423be-925c-4872-9048-e41754bca53b,2018-05-25 18:45:09.145-04,2018-05-25 18:45:09.145-04
3a741f04-24d1-434e-b06d-06b1056cf8d4,9c9a61a9-d959-4a7a-b71b-95d8a4fd6dc8,88d63308-7160-4736-b259-35100732d8be,2018-05-25 18:45:09.159-04,2018-05-25 18:45:09.159-04
238fa5fb-d158-40eb-886c-213e651413aa,9c9a61a9-d959-4a7a-b71b-95d8a4fd6dc8,e250d725-3f5d-4f57-aac5-ac691c1c0ae6,2018-05-25 18:45:09.18-04,2018-05-25 18:45:09.18-04
4cb71a78-b4d9-4b74-804b-d4fed5549e63,81a8b361-be65-40d2-9422-2b27bbf246d4,665466a7-1862-40f5-b2e3-dc46c3efbb9f,2018-05-25 18:46:57.656-04,2018-05-25 18:46:57.656-04
f7617d18-0670-4cbc-ae99-fac81e55d6e8,81a8b361-be65-40d2-9422-2b27bbf246d4,7c908cf5-4e93-4826-be54-a7bf09d7cf2e,2018-05-25 18:46:57.668-04,2018-05-25 18:46:57.668-04
18517bff-8aa0-473d-88c5-08f78c2d9645,81a8b361-be65-40d2-9422-2b27bbf246d4,6ff85a08-1b83-4116-bd2a-e9285bb09465,2018-05-25 18:46:57.679-04,2018-05-25 18:46:57.679-04
95ebb224-397e-4ce9-91b7-be4c43764a42,81a8b361-be65-40d2-9422-2b27bbf246d4,90ba28e8-2379-4bb3-8dc0-30c4068011f0,2018-05-25 18:46:57.689-04,2018-05-25 18:46:57.689-04
05fdc16e-5115-45fd-aece-42c377b1c02a,9c9a61a9-d959-4a7a-b71b-95d8a4fd6dc8,42043943-c2ac-4b2b-86a4-5f124bd28eb6,2018-05-25 18:45:09.115-04,2018-05-25 18:45:09.115-04
e547685a-7903-4758-aa1b-a09f220cbc10,9c9a61a9-d959-4a7a-b71b-95d8a4fd6dc8,f6ad9431-8a87-48ee-a75f-b29fc9a79a08,2018-05-25 18:45:09.133-04,2018-05-25 18:45:09.133-04
47c788d8-4337-4920-aa7a-8020aa0968fd,9c9a61a9-d959-4a7a-b71b-95d8a4fd6dc8,ede4f1c4-15cd-4236-a197-6f663672f0c8,2018-05-25 18:45:09.145-04,2018-05-25 18:45:09.145-04
c1aef9d1-808c-4d23-b37a-ff21027bb5d7,9c9a61a9-d959-4a7a-b71b-95d8a4fd6dc8,10647950-ce15-4eff-ad95-0ca469af22c6,2018-05-25 18:45:09.21-04,2018-05-25 18:45:09.21-04
908eed7b-66d6-4925-b32f-756dda87bcfc,81a8b361-be65-40d2-9422-2b27bbf246d4,cbfadac8-27e1-4702-98e3-d3cb020816ca,2018-05-25 18:46:57.668-04,2018-05-25 18:46:57.668-04
cc8e35c8-be7d-4db7-ba1b-d7a6e30e3bcf,81a8b361-be65-40d2-9422-2b27bbf246d4,d7d3b5d7-4231-4931-9783-0f38b3ef22a9,2018-05-25 18:46:57.679-04,2018-05-25 18:46:57.679-04
d5146f15-2efe-4dc6-88de-ba332dfb96f1,81a8b361-be65-40d2-9422-2b27bbf246d4,fcd334e3-a402-4a78-8ba4-096e57c9eb49,2018-05-25 18:46:57.689-04,2018-05-25 18:46:57.689-04
4ba86f92-6367-4e30-834b-f495881c7677,9c9a61a9-d959-4a7a-b71b-95d8a4fd6dc8,310662a7-2796-4b49-b1e4-b7e02316840d,2018-05-25 18:45:09.115-04,2018-05-25 18:45:09.115-04
3a5a0913-7516-49e0-8917-1149187a11da,9c9a61a9-d959-4a7a-b71b-95d8a4fd6dc8,98d56089-6ff5-4803-a338-d83631397ada,2018-05-25 18:45:09.159-04,2018-05-25 18:45:09.159-04
7eaa6839-fc58-40e4-a525-04b73f80eed2,9c9a61a9-d959-4a7a-b71b-95d8a4fd6dc8,601d4003-6ec7-42e7-814c-af289166e53e,2018-05-25 18:45:09.167-04,2018-05-25 18:45:09.167-04
5b0290e1-3b6a-426d-b236-d0debd39f317,9c9a61a9-d959-4a7a-b71b-95d8a4fd6dc8,9881be4a-062c-48f3-894b-073e7d10e901,2018-05-25 18:45:09.18-04,2018-05-25 18:45:09.18-04
6e833b92-36bf-4815-8f18-ef37e73b281f,9c9a61a9-d959-4a7a-b71b-95d8a4fd6dc8,0f920402-ab24-4a92-b563-f535fb8054a2,2018-05-25 18:45:09.188-04,2018-05-25 18:45:09.188-04
8b8d9425-ec27-4bb6-b7b9-d0fc1e3b4d2d,81a8b361-be65-40d2-9422-2b27bbf246d4,8ee2f6fc-3ef9-442f-85c6-12d4a994a0e9,2018-05-25 18:46:57.668-04,2018-05-25 18:46:57.668-04
de93e4e3-da9c-4893-9a1d-2ada19b28e88,81a8b361-be65-40d2-9422-2b27bbf246d4,23a0250f-8c46-4465-8278-198e1350b536,2018-05-25 18:46:57.679-04,2018-05-25 18:46:57.679-04
4cc54123-6312-45ff-a2f9-db2ca667fc45,81a8b361-be65-40d2-9422-2b27bbf246d4,3de545cd-f757-42b6-9720-189f1a6599a0,2018-05-25 18:46:57.689-04,2018-05-25 18:46:57.689-04
ec61a25e-5365-44af-a99a-ca13b18ba69d,9c9a61a9-d959-4a7a-b71b-95d8a4fd6dc8,78af430a-c43f-431e-9da3-edeeafb44edf,2018-05-25 18:45:09.132-04,2018-05-25 18:45:09.132-04
deb60210-f340-40ca-9946-6ffc825ea134,9c9a61a9-d959-4a7a-b71b-95d8a4fd6dc8,7fd7b4c8-6513-4435-9e53-d997f7775b79,2018-05-25 18:45:09.144-04,2018-05-25 18:45:09.144-04
922c741a-4f68-4d53-b2cd-aeb6055cd84c,9c9a61a9-d959-4a7a-b71b-95d8a4fd6dc8,a84344ab-85ec-485b-9abe-56ccf3dbaa2a,2018-05-25 18:45:09.159-04,2018-05-25 18:45:09.159-04
730e693a-b566-4896-b982-da56a363d3e1,9c9a61a9-d959-4a7a-b71b-95d8a4fd6dc8,a3bd602b-f070-49a1-8205-20bccaadc48a,2018-05-25 18:45:09.18-04,2018-05-25 18:45:09.18-04
1d49e9b6-439c-4a43-9842-4758113d33e5,51db65a5-1cb5-4d43-8b7d-21731afb3db9,cde93cfb-c037-451c-9b54-b798e4ff46cc,2018-05-25 18:47:15.416-04,2018-05-25 18:47:15.416-04
30c812e8-bf2b-49a4-ad75-220d23bdc5a5,51db65a5-1cb5-4d43-8b7d-21731afb3db9,745393ae-c7a5-40cd-adf8-db07e2c7975a,2018-05-25 18:47:15.424-04,2018-05-25 18:47:15.424-04
e2b62a09-30d7-4320-ac60-0fad0c3451e7,51db65a5-1cb5-4d43-8b7d-21731afb3db9,6629282a-acfd-4d2e-b8c1-407d28605008,2018-05-25 18:47:15.447-04,2018-05-25 18:47:15.447-04
f9947566-99c4-4808-ae71-9392dc2a29cd,69a6b96a-623b-434f-aff3-bda217e54104,8787325c-613f-4614-8514-d47ec0e06a90,2018-05-25 18:45:23.842-04,2018-05-25 18:45:23.842-04
f43c4519-8cac-4fe0-a7f6-e1762af8dc10,69a6b96a-623b-434f-aff3-bda217e54104,2b663fce-4a8c-441a-ad21-f1bf8b4f2dc7,2018-05-25 18:45:23.86-04,2018-05-25 18:45:23.86-04
e3904bfc-8911-4482-a62a-4a0d3de600e5,69a6b96a-623b-434f-aff3-bda217e54104,053bbf0a-a091-4a73-8fad-c426b4a51626,2018-05-25 18:45:23.909-04,2018-05-25 18:45:23.909-04
6edfa634-867b-4787-94f4-12db479b589b,69a6b96a-623b-434f-aff3-bda217e54104,ef37a8d6-9078-4858-9790-765c74090bd4,2018-05-25 18:45:23.931-04,2018-05-25 18:45:23.931-04
cfad4255-410d-46ca-8485-81aadbb82e8f,51db65a5-1cb5-4d43-8b7d-21731afb3db9,8787325c-613f-4614-8514-d47ec0e06a90,2018-05-25 18:47:15.417-04,2018-05-25 18:47:15.417-04
342360a1-8707-4bd5-aaf2-e82ddc7956ca,69a6b96a-623b-434f-aff3-bda217e54104,db928e93-49c5-4fdd-aa45-8addac1fa513,2018-05-25 18:45:23.91-04,2018-05-25 18:45:23.91-04
b344bffb-757a-43ab-956a-2b92461d4621,69a6b96a-623b-434f-aff3-bda217e54104,411ba200-4012-4fbe-8886-2351454faf85,2018-05-25 18:45:23.918-04,2018-05-25 18:45:23.918-04
51cb8f2c-6e17-4931-a933-bba9d75965f2,69a6b96a-623b-434f-aff3-bda217e54104,2a15307a-b465-4274-b6ae-da40e611e5fb,2018-05-25 18:45:23.932-04,2018-05-25 18:45:23.932-04
d6f27c6e-8656-4082-8ebf-42482782cd10,69a6b96a-623b-434f-aff3-bda217e54104,72433ce1-c780-4227-b380-bb1fa350b166,2018-05-25 18:45:23.938-04,2018-05-25 18:45:23.938-04
e591219b-2e52-4972-9b9a-df654c8dad90,51db65a5-1cb5-4d43-8b7d-21731afb3db9,5ea1f681-46ad-4bd9-8eee-2ae56a21f195,2018-05-25 18:47:15.417-04,2018-05-25 18:47:15.417-04
4a6845bf-69df-4f2f-9d77-94427a46ea65,51db65a5-1cb5-4d43-8b7d-21731afb3db9,2c4e1885-a2d3-478f-8601-ac9501098640,2018-05-25 18:47:15.424-04,2018-05-25 18:47:15.424-04
ad07f6cf-8d8c-4a90-9028-53521dbf116a,51db65a5-1cb5-4d43-8b7d-21731afb3db9,4ab72eeb-8f79-4722-8588-7e55b4b88536,2018-05-25 18:47:15.447-04,2018-05-25 18:47:15.447-04
35699ecc-5730-4eb2-93ca-d3e6667ffe53,69a6b96a-623b-434f-aff3-bda217e54104,5e0edea7-6bc5-45e7-85d4-a258d7f8579a,2018-05-25 18:45:23.919-04,2018-05-25 18:45:23.919-04
69cb4848-3c80-4b4e-98bc-d49e1b2e76f1,69a6b96a-623b-434f-aff3-bda217e54104,cb390193-bb09-436a-aef5-2366c75f10a6,2018-05-25 18:45:23.937-04,2018-05-25 18:45:23.937-04
6f0afae0-40ec-4072-977a-90c88dfd43f5,51db65a5-1cb5-4d43-8b7d-21731afb3db9,8c522bb4-7bd7-420a-9ddf-3b998ea8eddf,2018-05-25 18:47:15.424-04,2018-05-25 18:47:15.424-04
9d804e87-9f33-4a9d-af12-3268c226bee3,51db65a5-1cb5-4d43-8b7d-21731afb3db9,81f7ecb1-3f90-4183-bfa0-4750643c2e47,2018-05-25 18:47:15.447-04,2018-05-25 18:47:15.447-04
ba8de857-4b0a-4106-a3a1-accc47698654,69a6b96a-623b-434f-aff3-bda217e54104,5a1130ea-067d-42e2-981b-02bcd238b8d6,2018-05-25 18:45:23.931-04,2018-05-25 18:45:23.931-04
2dd4de4b-479f-4b15-866b-3f4ac6f75f6f,51db65a5-1cb5-4d43-8b7d-21731afb3db9,5429a212-0b79-4215-82ca-9434225a17aa,2018-05-25 18:47:15.44-04,2018-05-25 18:47:15.44-04
938b85c4-9f7c-4a3b-bdc0-f076d85dcea0,51db65a5-1cb5-4d43-8b7d-21731afb3db9,b166bdd7-667c-44e5-9cce-ef2e3d07c5b4,2018-05-25 18:47:15.446-04,2018-05-25 18:47:15.446-04
241490ef-4b4f-430d-83af-63475d44eba5,157d8c02-b0b9-43d4-ae5a-fc8d719ad3a1,c1aa706d-53e8-4e70-95d6-1367264d3938,2018-05-25 18:43:29.89-04,2018-05-25 18:43:29.89-04
7c341685-89a3-4bf0-ac89-bbd466fd78a1,157d8c02-b0b9-43d4-ae5a-fc8d719ad3a1,8f284066-97e8-46ed-aff7-aa4799acfc1f,2018-05-25 18:43:29.901-04,2018-05-25 18:43:29.901-04
71e60def-9b6d-441e-9dce-00364bcec83e,157d8c02-b0b9-43d4-ae5a-fc8d719ad3a1,a84344ab-85ec-485b-9abe-56ccf3dbaa2a,2018-05-25 18:43:29.913-04,2018-05-25 18:43:29.913-04
18b5ce9e-c394-4a54-9372-cd8980c8548d,157d8c02-b0b9-43d4-ae5a-fc8d719ad3a1,e65cfed1-8297-41f3-8c7c-128a9ef8949b,2018-05-25 18:43:29.922-04,2018-05-25 18:43:29.922-04
cd062ed0-488b-4b43-a284-12a8aa25e548,157d8c02-b0b9-43d4-ae5a-fc8d719ad3a1,88d63308-7160-4736-b259-35100732d8be,2018-05-25 18:43:29.939-04,2018-05-25 18:43:29.939-04
